{
  "Local": [
    0.0,
    2.0
  ],
  "Local_1": [
    0.0,
    3232238131.0
  ],
  "Local_2": [
    0.0,
    3232238130.0
  ],
  "Local_3": [
    0.0,
    3232238130.0
  ],
  "Local_4": [
    0.0,
    3232238130.0
  ],
  "Local_5": [
    0.0,
    3232238130.0
  ],
  "Local_6": [
    0.0,
    3232238130.0
  ],
  "Local_7": [
    0.0,
    3232238130.0
  ],
  "Local_8": [
    0.0,
    3232238130.0
  ],
  "Local_9": [
    0.0,
    3232238131.0
  ],
  "Local_10": [
    0.0,
    3232238130.0
  ],
  "Local_11": [
    0.0,
    3232238130.0
  ],
  "Local_12": [
    0.0,
    3232238130.0
  ],
  "Local_13": [
    0.0,
    3232238131.0
  ],
  "Local_14": [
    0.0,
    3232238131.0
  ],
  "Src Port": [
    0.0,
    65535.0
  ],
  "Dst Port": [
    0.0,
    65529.0
  ],
  "Protocol": [
    0.0,
    17.0
  ],
  "Flow Duration": [
    1.0,
    119999998.0
  ],
  "Total Fwd Packet": [
    0.0,
    207963.0
  ],
  "Total Bwd packets": [
    0.0,
    284603.0
  ],
  "Total Length of Fwd Packet": [
    0.0,
    12870252.0
  ],
  "Total Length of Bwd Packet": [
    0.0,
    627046403.0
  ],
  "Fwd Packet Length Max": [
    0.0,
    24820.0
  ],
  "Fwd Packet Length Min": [
    0.0,
    1472.0
  ],
  "Fwd Packet Length Mean": [
    0.0,
    5775.5
  ],
  "Fwd Packet Length Std": [
    0.0,
    7018.511024
  ],
  "Bwd Packet Length Max": [
    0.0,
    19530.0
  ],
  "Bwd Packet Length Min": [
    0.0,
    1983.0
  ],
  "Bwd Packet Length Mean": [
    0.0,
    4370.686524
  ],
  "Bwd Packet Length Std": [
    0.0,
    6715.738331
  ],
  "Flow Bytes/s": [
    0.0,
    253000000.0
  ],
  "Flow Packets/s": [
    0.02500009,
    3000000.0
  ],
  "Flow IAT Mean": [
    0.5,
    69000029.0
  ],
  "Flow IAT Std": [
    0.0,
    84819214.86
  ],
  "Flow IAT Max": [
    1.0,
    119991197.0
  ],
  "Flow IAT Min": [
    0.0,
    69000029.0
  ],
  "Fwd IAT Total": [
    0.0,
    119999998.0
  ],
  "Fwd IAT Mean": [
    0.0,
    119999570.0
  ],
  "Fwd IAT Std": [
    0.0,
    83228041.46
  ],
  "Fwd IAT Max": [
    0.0,
    119999570.0
  ],
  "Fwd IAT Min": [
    0.0,
    119999570.0
  ],
  "Bwd IAT Total": [
    0.0,
    119999992.0
  ],
  "Bwd IAT Mean": [
    0.0,
    119976977.0
  ],
  "Bwd IAT Std": [
    0.0,
    84463479.33
  ],
  "Bwd IAT Max": [
    0.0,
    119991381.0
  ],
  "Bwd IAT Min": [
    0.0,
    119976977.0
  ],
  "Fwd PSH Flags": [
    0.0,
    5520.0
  ],
  "Bwd PSH Flags": [
    0.0,
    9761.0
  ],
  "Fwd URG Flags": [
    0.0,
    16.0
  ],
  "Bwd URG Flags": [
    0.0,
    2.0
  ],
  "Fwd RST Flags": [
    0.0,
    173.0
  ],
  "Bwd RST Flags": [
    0.0,
    11.0
  ],
  "Fwd Header Length": [
    -32708.0,
    32748.0
  ],
  "Bwd Header Length": [
    -32764.0,
    32680.0
  ],
  "Fwd Packets/s": [
    0.0,
    2000000.0
  ],
  "Bwd Packets/s": [
    0.0,
    2000000.0
  ],
  "Packet Length Min": [
    0.0,
    1408.0
  ],
  "Packet Length Max": [
    0.0,
    24820.0
  ],
  "Packet Length Mean": [
    0.0,
    2125.666667
  ],
  "Packet Length Std": [
    0.0,
    4693.160685
  ],
  "Packet Length Variance": [
    0.0,
    22025757.21
  ],
  "FIN Flag Count": [
    0.0,
    36.0
  ],
  "SYN Flag Count": [
    0.0,
    16.0
  ],
  "RST Flag Count": [
    0.0,
    173.0
  ],
  "PSH Flag Count": [
    0.0,
    9861.0
  ],
  "ACK Flag Count": [
    0.0,
    492566.0
  ],
  "URG Flag Count": [
    0.0,
    16.0
  ],
  "CWR Flag Count": [
    0.0,
    23.0
  ],
  "ECE Flag Count": [
    0.0,
    14.0
  ],
  "Down/Up Ratio": [
    0.0,
    16.92857143
  ],
  "Average Packet Size": [
    0.0,
    2125.666667
  ],
  "Fwd Segment Size Avg": [
    0.0,
    5775.5
  ],
  "Bwd Segment Size Avg": [
    0.0,
    4370.686524
  ],
  "Subflow Fwd Packets": [
    0.0,
    1.0
  ],
  "Subflow Fwd Bytes": [
    0.0,
    1777.0
  ],
  "Subflow Bwd Packets": [
    0.0,
    1.0
  ],
  "Subflow Bwd Bytes": [
    0.0,
    2090.0
  ],
  "FWD Init Win Bytes": [
    0.0,
    65535.0
  ],
  "Bwd Init Win Bytes": [
    0.0,
    65535.0
  ],
  "Fwd Act Data Pkts": [
    0.0,
    9130.0
  ],
  "Fwd Seg Size Min": [
    0.0,
    44.0
  ],
  "Active Mean": [
    0.0,
    110097488.0
  ],
  "Active Std": [
    0.0,
    74154397.74
  ],
  "Active Max": [
    0.0,
    110097488.0
  ],
  "Active Min": [
    0.0,
    110097488.0
  ],
  "Idle Mean": [
    0.0,
    119991197.0
  ],
  "Idle Std": [
    0.0,
    76914831.6
  ],
  "Idle Max": [
    0.0,
    119991197.0
  ],
  "Idle Min": [
    0.0,
    119991197.0
  ],
  "ICMP Code": [
    -1.0,
    10.0
  ],
  "ICMP Type": [
    -1.0,
    8.0
  ],
  "Total TCP Flow Time": [
    0.0,
    30290439669.0
  ],
  "Attempted Category": [
    -1.0,
    6.0
  ]
}